INSERT INTO Hotel (Hotel_id, hotel_name, location, rating, no_floors, opening_date, opening_hours)
VALUES
    (01, 'Herods Tel Aviv', 'Tel Aviv', 4.3, 12, '2000-05-15', '24/7'),
    (02, 'Dan Panorama Jerusalem', 'Jerusalem', 4.1, 8, '1984-10-20', '24/6'),
    (03, 'Leonardo Plaza Hotel Eilat', 'Eilat', 4.5, 9, '1999-07-10', '24/7'),
    (04, 'Hilton Tel Aviv', 'Tel Aviv', 4.7, 15, '1999-12-01', '24/7'),
    (05, 'The American Colony Hotel', 'Jerusalem', 4.4, 4, '1902-01-01', '24/7'),
    (06, 'Isrotel Tower Tel Aviv', 'Tel Aviv', 4.2, 30, '2001-06-15', '24/7'),
    (07, 'King Solomon Hotel', 'Eilat', 4.0, 10, '1990-03-20', '24/7'),
    (08, 'The Setai Tel Aviv', 'Tel Aviv', 4.8, 8, '2018-09-10', '24/6'),
    (09, 'Mamilla Hotel Jerusalem', 'Jerusalem', 4.6, 7, '2009-11-25', '24/7'),
    (010, 'Isrotel Dead Sea Hotel', 'Dead Sea', 4.3, 3, '1995-07-01', '24/7'),
    (011, 'InterContinental David Tel Aviv', 'Tel Aviv', 4.5, 25, '1992-04-05', '24/7'),
    (012, 'Waldorf Astoria Jerusalem', 'Jerusalem', 4.9, 8, '2014-10-30', '24/7'),
    (013, 'Prima Tel Aviv Hotel', 'Tel Aviv', 4.0, 6, '1975-09-15', '24/7'),
    (014, 'Leonardo Art Tel Aviv', 'Tel Aviv', 4.3, 7, '2010-12-20', '24/7'),
    (015, 'Herods Palace Eilat', 'Eilat', 4.6, 10, '1998-06-10', '24/7'),
    (016, 'The Scots Hotel', 'Tiberias', 4.2, 3, '2004-03-01', '24/7'),
    (017, 'David Citadel Hotel Jerusalem', 'Jerusalem', 4.7, 8, '1998-08-15', '24/6'),
    (018, 'Isrotel Yam Suf Hotel', 'Eilat', 4.4, 5, '1995-11-20', '24/7'),
    (019, 'Carlton Tel Aviv Hotel', 'Tel Aviv', 4.6, 15, '1981-12-25', '24/7'),
    (020, 'Dan Eilat Hotel', 'Eilat', 4.3, 12, '1997-04-10', '24/7'),
    (021, 'Mizpe Hayamim', 'Rosh Pina', 4.8, 4, '1991-09-05', '24/7'),
    (022, 'Sheraton Tel Aviv Hotel', 'Tel Aviv', 4.5, 20, '1977-11-30', '24/7'),
    (023, 'The Norman Tel Aviv', 'Tel Aviv', 4.9, 5, '2014-06-20', '24/7'),
    (024, 'Daniel Dead Sea Hotel', 'Dead Sea', 4.2, 5, '2005-03-15', '24/7'),
    (025, 'The Ritz-Carlton Herzliya', 'Herzliya', 4.7, 12, '2013-08-10', '24/7'),
    (026, 'Isrotel Royal Beach Tel Aviv', 'Tel Aviv', 4.4, 23, '1994-10-01', '24/7'),
    (027, 'Dan Carmel Haifa Hotel', 'Haifa', 4.2, 12, '1963-05-10', '24/7'),
    (028, 'Isrotel Ganim Dead Sea Hotel', 'Dead Sea', 4.3, 3, '1998-09-20', '24/7'),
    (029, 'Carmel Forest Spa Resort', 'Haifa', 4.6, 5, '1992-12-15', '24/7'),
    (030, 'Sofitel Tel Aviv', 'Tel Aviv', 4.8, 12, '2014-02-28', '24/7');


-- Insert data into the Room table
INSERT INTO Room (room_no, room_type, room_view, room_smoking_nosmoking, room_occupancy_capacity, room_house_keepingstatus, hotel_id)
VALUES
    (101, 'classic', 'Sea view', 'non-smoking', 2, 'Clean', 01),
    (102, 'deluxe', 'City view', 'smoking', 4, 'Needs cleaning', 02),
    (201, 'classic', 'Mountain view', 'non-smoking', 2, 'Clean', 03),
    (103, 'classic', 'City view', 'non-smoking', 2, 'Needs cleaning', 01),
    (104, 'deluxe', 'Sea view', 'smoking', 3, 'Clean', 02),
    (105, 'classic', 'Pool view', 'non-smoking', 2, 'Needs cleaning', 03),
    (106, 'classic', 'Mountain view', 'smoking', 2, 'Clean', 04),
    (107, 'deluxe', 'City view', 'non-smoking', 4, 'Needs cleaning', 05),
    (108, 'classic', 'Sea view', 'smoking', 2, 'Clean', 06),
    (109, 'classic', 'City view', 'non-smoking', 2, 'Needs cleaning', 07),
    (110, 'deluxe', 'Pool view', 'smoking', 3, 'Clean', 08),
    (111, 'classic', 'Mountain view', 'non-smoking', 2, 'Needs cleaning', 09),
    (112, 'classic', 'City view', 'smoking', 2, 'Clean', 010),
    (113, 'deluxe', 'Sea view', 'non-smoking', 4, 'Needs cleaning', 011),
    (114, 'classic', 'Pool view', 'smoking', 2, 'Clean', 012),
    (115, 'classic', 'Mountain view', 'non-smoking', 2, 'Needs cleaning', 013),
    (116, 'deluxe', 'City view', 'smoking', 3, 'Clean', 014),
    (117, 'classic', 'Sea view', 'non-smoking', 2, 'Needs cleaning', 015),
    (118, 'classic', 'City view', 'smoking', 2, 'Clean', 016),
    (119, 'deluxe', 'Pool view', 'non-smoking', 4, 'Needs cleaning', 017),
    (120, 'classic', 'Mountain view', 'smoking', 2, 'Clean', 018),
    (121, 'classic', 'City view', 'non-smoking', 2, 'Needs cleaning', 019),
    (122, 'deluxe', 'Sea view', 'smoking', 3, 'Clean', 020),
    (123, 'classic', 'Pool view', 'non-smoking', 2, 'Needs cleaning', 021),
    (124, 'classic', 'Mountain view', 'smoking', 2, 'Clean', 022),
    (125, 'deluxe', 'City view', 'non-smoking', 4, 'Needs cleaning', 023),
    (126, 'classic', 'Sea view', 'smoking', 2, 'Clean', 024),
    (127, 'classic', 'City view', 'non-smoking', 2, 'Needs cleaning', 025),
    (128, 'deluxe', 'Pool view', 'smoking', 3, 'Clean', 026),
    (129, 'classic', 'Mountain view', 'non-smoking', 2, 'Needs cleaning', 027),
    (130, 'classic', 'City view', 'smoking', 2, 'Clean', 028),
    (731, 'deluxe', 'Sea view', 'non-smoking', 4, 'Needs cleaning', 029),
    (206, 'classic', 'Pool view', 'smoking', 2, 'Clean', 030),
	(331, 'deluxe', 'Sea view', 'smoking', 2, 'Clean', 04),
    (232, 'classic', 'City view', 'non-smoking', 2, 'Needs cleaning', 02),
    (333, 'deluxe', 'Mountain view', 'non-smoking', 3, 'Clean',01),
    (234, 'classic', 'Pool view', 'smoking', 2, 'Needs cleaning', 03),
    (335, 'deluxe', 'Sea view', 'smoking', 4, 'Clean', 05),
    (236, 'classic', 'City view', 'non-smoking', 2, 'Needs cleaning', 06),
    (337, 'deluxe', 'Mountain view', 'smoking', 2, 'Clean', 07),
    (238, 'classic', 'Sea view', 'smoking', 2, 'Needs cleaning', 08),
    (339, 'deluxe', 'City view', 'non-smoking', 3, 'Clean', 09),
    (240, 'classic', 'Pool view', 'non-smoking', 2, 'Needs cleaning', 010),
    (341, 'deluxe', 'Mountain view', 'smoking', 2, 'Clean', 011),
    (242, 'classic', 'City view', 'smoking', 2, 'Needs cleaning', 012),
    (343, 'deluxe', 'Sea view', 'non-smoking', 4, 'Clean', 013),
    (701, 'classic', 'Pool view', 'smoking', 2, 'Needs cleaning', 014),
    (705, 'deluxe', 'City view', 'non-smoking', 3, 'Clean', 015),
    (401, 'classic', 'Mountain view', 'non-smoking', 2, 'Needs cleaning', 016),
    (402, 'deluxe', 'Sea view', 'smoking', 2, 'Clean', 017),
    (403, 'classic', 'City view', 'smoking', 2, 'Needs cleaning', 018),
    (404, 'deluxe', 'Pool view', 'non-smoking', 4, 'Clean', 019),
    (405, 'classic', 'Mountain view', 'smoking', 2, 'Needs cleaning', 020);


-- Insert data into the Customer table 
INSERT INTO Customer (Cust_id, F_name, L_name, DOB, address, Pin_code, city, state, mobile_no, room_no)
VALUES
    (1111, 'Avraham', 'Levi', '1985-03-12', 'Ben Yehuda St 25', '1234567', 'Tel Aviv', 'Israel', '052-1234567', 101),
    (2222, 'Sarah', 'Cohen', '1990-09-25', 'Herzl St 10', '2345678', 'Jerusalem', 'Israel', '054-2345678', 102),
    (3333, 'Ronen', 'Katz', '1982-11-05', 'HaYam St 15', '3456789', 'Eilat', 'Israel', '058-3456789', 201),
    (4444, 'Yael', 'Cohen', '1988-07-20', 'Dizengoff St 30', '4567890', 'Tel Aviv', 'Israel', '050-2345678', 403),
    (5555, 'Mohammed', 'Ali', '1995-05-15', 'Al-Aqsa St 5', '5678901', 'Jerusalem', 'Israel', '056-3456789', 104),
    (6666, 'Rivka', 'Levy', '1979-09-08', 'Herzl St 20', '6789012', 'Haifa', 'Israel', '052-4567890', 705),
    (7777, 'David', 'Cohen', '1980-12-10', 'Allenby St 15', '7890123', 'Tel Aviv', 'Israel', '054-5678901', 206),
    (8888, 'Maria', 'Gonzalez', '1992-03-25', 'Calle Mayor 10', '12345', 'Madrid', 'Spain', '+34 678-123-456', 107),
    (9999, 'John', 'Smith', '1985-08-17', '123 Main St', '54321', 'New York', 'NY', '+1 (555) 123-4567', 108),
    (1000, 'Hiroshi', 'Sato', '1977-04-03', '1-1 Ginza', '13579', 'Tokyo', 'Japan', '+81 90-1234-5678', 109),
    (1100, 'Anna', 'Novakova', '1990-06-12', 'Na Prikope 20', '98765', 'Prague', 'Czech Republic', '+420 123 456 789', 110),
    (1200, 'Elena', 'Ivanova', '1983-11-28', 'Ulitsa Tverskaya 15', '56789', 'Moscow', 'Russia', '+7 999 876-5432', 111),
    (1300, 'Jose', 'Silva', '1976-02-05', 'Rua Augusta 25', '54321', 'São Paulo', 'Brazil', '+55 11 98765-4321', 112),
    (1400, 'Ling', 'Chen', '1989-10-30', '123 Nanjing Road', '98765', 'Shanghai', 'China', '+86 135-6789-0123', 113),
    (1500, 'Fatima', 'Al-Farsi', '1981-12-18', 'Al-Khalifa St 10', '23456', 'Dubai', 'UAE', '+971 50 123 4567', 114),
    (1600, 'Ahmed', 'Salem', '1978-05-20', 'El Mansour St 5', '87654', 'Cairo', 'Egypt', '+20 101 234 5678', 115),
    (1700, 'Javier', 'Garcia', '1993-08-22', 'Calle de Alcala 30', '65432', 'Madrid', 'Spain', '+34 654-321-098', 116),
    (1800, 'Sophie', 'Dupont', '1986-04-15', 'Rue de Rivoli 20', '23456', 'Paris', 'France', '+33 6 78 90 12 34', 117),
    (1900, 'Giovanni', 'Ricci', '1975-09-05', 'Via Roma 15', '54321', 'Rome', 'Italy', '+39 333 123 4567', 118),
    (2000, 'Luca', 'Rossi', '1991-11-10', 'Piazza San Marco 25', '87654', 'Venice', 'Italy', '+39 347 234 5678', 119),
    (2100, 'Hans', 'Schmidt', '1984-02-28', 'Bahnhofstrasse 10', '12345', 'Zurich', 'Switzerland', '+41 79 123 4567', 120),
    (2200, 'Anna', 'Müller', '1977-07-03', 'Alexanderplatz 5', '67890', 'Berlin', 'Germany', '+49 176 9876 5432', 121),
    (2300, 'Maria', 'Garcia', '1988-01-12', 'Calle Gran Via 20', '34567', 'Barcelona', 'Spain', '+34 678 901 234', 122),
    (2400, 'Giuseppe', 'Ferrari', '1982-06-23', 'Corso Vittorio Emanuele 15', '87654', 'Milan', 'Italy', '+39 333 456 7890', 123),
    (2500, 'Elena', 'Popescu', '1995-03-07', 'Strada Lipscani 10', '56789', 'Bucharest', 'Romania', '+40 721 345 678', 124),
    (2600, 'Ivan', 'Petrov', '1980-08-14', 'Nevsky Prospekt 25', '45678', 'St. Petersburg', 'Russia', '+7 999 123-4567', 125),
    (2700, 'Olga', 'Sokolova', '1990-12-29', 'Arbat Street 15', '98765', 'Moscow', 'Russia', '+7 916 234-5678', 126),
    (2800, 'Alejandro', 'Lopez', '1978-11-03', 'Calle de la Princesa 20', '23456', 'Madrid', 'Spain', '+34 654 789 012', 127),
    (2900, 'Isabella', 'Bianchi', '1983-05-16', 'Via del Corso 10', '76543', 'Rome', 'Italy', '+39 345 678 9012', 128),
    (3000, 'Pierre', 'Lefebvre', '1992-09-18', 'Champs-Élysées 5', '45678', 'Paris', 'France', '+33 6 12 34 56 78', 129),
    (3100, 'Federico', 'Moretti', '1976-03-02', 'Piazza Navona 15', '67890', 'Rome', 'Italy', '+39 333 456 7890', 130),
    (3200, 'Khaled', 'Said', '1998-10-10', 'Al Quds St 20', '90876', 'Jerusalem', 'Israel', '056-7890123', 401),
    (3300, 'Ingrid', 'Johansson', '1987-06-15', 'Kungsgatan 15', '54321', 'Stockholm', 'Sweden', '+46 70-123 45 67', 402),
    (3400, 'Amir', 'Al-Masri', '1980-03-22', 'Al-Rashid St 10', '23456', 'Amman', 'Jordan', '+962 7 9012 3456', 403),
    (3500, 'Sophia', 'Schneider', '1993-12-05', 'Unter den Linden 25', '34567', 'Berlin', 'Germany', '+49 176 5432 1098', 404),
    (3600, 'Mika', 'Tanaka', '1990-09-18', 'Shibuya 5-1', '87654', 'Tokyo', 'Japan', '+81 80-9876-5432', 405);


-- Insert data into the TodayPrice table
INSERT INTO TodayPrice (confirmation_number, available_room, price, start_date, end_date, salecode, tax_breakdown, currency_conversionfee)
VALUES
    (1001, 10, 200, '2024-02-16', '2024-02-20', 'SALE2024', 'VAT 17%', 0.05),
    (1002, 5, 300, '2024-02-17', '2024-02-22', 'WINTER25', 'VAT 10%', 0.05),
    (1003, 8, 150, '2024-02-18', '2024-02-25', 'FEBDISCOUNT', 'VAT 0%', 0.05),
	(1004, 7, 180, '2024-02-19', '2024-02-24', 'WINTER25', 'VAT 17%', 0.05),
    (1005, 9, 220, '2024-02-20', '2024-02-25', NULL, 'VAT 10%', 0.05),
    (1006, 6, 300, '2024-02-21', '2024-02-26', 'SALE2024', 'VAT 17%', 0.05),
    (1007, 11, 150, '2024-02-22', '2024-02-27', NULL, 'VAT 10%', 0.05),
    (1008, 8, 250, '2024-02-23', '2024-02-28', 'FEBDISCOUNT', 'VAT 17%', 0.05),
    (1009, 5, 200, '2024-02-24', '2024-02-29', NULL, 'VAT 0%', 0.05),
    (1010, 10, 280, '2024-02-25', '2024-03-01', 'WINTER25', 'VAT 17%', 0.05),
    (1011, 4, 190, '2024-02-26', '2024-03-02', NULL, 'VAT 10%', 0.05),
    (1012, 12, 320, '2024-02-27', '2024-03-03', 'SALE2024', 'VAT 14%', 0.05),
    (1013, 3, 170, '2024-02-28', '2024-03-04', NULL, 'VAT 10%', 0.05),
	(1014, 7, 210, '2024-03-01', '2024-03-06', 'SPRINGSALE', 'VAT 17%', 0.05),
    (1015, 9, 240, '2024-03-02', '2024-03-07', NULL, 'VAT 17%', 0.05),
    (1016, 6, 280, '2024-03-03', '2024-03-08', 'EARLYBIRD', 'VAT 17%', 0.05),
    (1017, 11, 190, '2024-03-04', '2024-03-09', NULL, 'VAT 14%', 0.05),
    (1018, 8, 270, '2024-03-05', '2024-03-10', 'SPRINGSALE', 'VAT 0%', 0.05),
    (1019, 5, 220, '2024-03-06', '2024-03-11', NULL, 'VAT 0%', 0.05),
    (1020, 10, 300, '2024-03-07', '2024-03-12', 'EARLYBIRD', 'VAT 17%', 0.05),
    (1021, 4, 200, '2024-03-08', '2024-03-13', NULL, 'VAT 14%', 0.05),
    (1022, 12, 330, '2024-03-09', '2024-03-14', 'SPRINGSALE', 'VAT 17%', 0.05),
    (1023, 3, 180, '2024-03-10', '2024-03-15', NULL, 'VAT 0%', 0.05);

-- Insert data into the Payment table
INSERT INTO Payment (payment_no, payment_method, refund_request, split_details, currency_used, cust_id)
VALUES
    (1, 'Credit Card', 'No', 'Full payment', 'ILS', 1111),
    (2, 'Cash', 'Yes', 'Partial payment', 'ILS', 2222),
    (3, 'Bank Transfer', 'No', 'Full payment', 'ILS', 3333),
    (4, 'Credit Card', 'No', 'Full payment', 'ILS', 4444),
    (5, 'Cash', 'Yes', 'Partial payment', 'ILS', 5555),
    (6, 'Credit Card', 'No', 'Full payment', 'ILS', 6666),
    (7, 'Bank Transfer', 'Yes', 'Partial payment', 'ILS', 7777),
    (8, 'Credit Card', 'No', 'Full payment', 'ILS', 8888),
    (9, 'Cash', 'Yes', 'Partial payment', 'ILS', 9999),
    (10, 'Credit Card', 'No', 'Full payment', 'ILS', 1000),
    (11, 'Bank Transfer', 'Yes', 'Partial payment', 'ILS', 1100),
    (12, 'Credit Card', 'No', 'Full payment', 'ILS', 1200),
    (13, 'Cash', 'Yes', 'Partial payment', 'ILS', 1300),
    (14, 'Credit Card', 'No', 'Full payment', 'ILS', 1400),
    (15, 'Bank Transfer', 'Yes', 'Partial payment', 'ILS', 1500),
    (16, 'Credit Card', 'No', 'Full payment', 'ILS', 1600),
    (17, 'Cash', 'Yes', 'Partial payment', 'ILS', 1700),
    (18, 'Credit Card', 'No', 'Full payment', 'ILS', 1800),
    (19, 'Bank Transfer', 'Yes', 'Partial payment', 'ILS', 1900),
    (20, 'Credit Card', 'No', 'Full payment', 'ILS', 2000),
    (21, 'Cash', 'Yes', 'Partial payment', 'ILS', 2100),
    (22, 'Credit Card', 'No', 'Full payment', 'ILS', 2200),
    (23, 'Bank Transfer', 'Yes', 'Partial payment', 'ILS', 2300),
    (24, 'Credit Card', 'No', 'Full payment', 'ILS', 2400),
    (25, 'Cash', 'Yes', 'Partial payment', 'ILS', 2500),
    (26, 'Credit Card', 'No', 'Full payment', 'ILS', 2600),
    (27, 'Bank Transfer', 'Yes', 'Partial payment', 'ILS', 2700),
    (28, 'Credit Card', 'No', 'Full payment', 'ILS', 2800),
    (29, 'Cash', 'Yes', 'Partial payment', 'ILS', 2900),
    (30, 'Credit Card', 'No', 'Full payment', 'ILS', 3000),
    (31, 'Bank Transfer', 'Yes', 'Partial payment', 'ILS', 3100),
    (32, 'Credit Card', 'No', 'Full payment', 'ILS', 3200),
    (33, 'Cash', 'Yes', 'Partial payment', 'ILS', 3300),
    (34, 'Credit Card', 'No', 'Full payment', 'ILS', 3400),
    (35, 'Bank Transfer', 'Yes', 'Partial payment', 'ILS', 3500),
    (36, 'Credit Card', 'No', 'Full payment', 'ILS', 3600);


-- Insert data into the Staff table 
INSERT INTO Staff (employee_card, role, Email, Education, Uniform_size, mobile_no, bonuses)
VALUES
    (1001, 'Receptionist', 'receptionist@example.com', 'Bachelor of Hospitality Management', 'M', '050-1234567', 1000),
    (1002, 'Housekeeper', 'housekeeper@example.com', 'High School Diploma', 'L', '052-2345678', 800),
    (1003, 'Chef', 'chef@example.com', 'Culinary Degree', 'XL', '054-3456789', 1200),
    (1004, 'Concierge', 'concierge@example.com', 'Bachelor of Business Administration', 'M', '050-4567890', 1100),
    (1005, 'Waiter', 'waiter@example.com', 'Hospitality Certificate', 'L', '052-5678901', 900),
    (1006, 'Bartender', 'bartender@example.com', 'Mixology Certification', 'M', '054-6789012', 1000),
    (1007, 'Housekeeping Supervisor', 'supervisor@example.com', 'Associate Degree in Hotel Management', 'XL', '050-7890123', 1500),
    (1008, 'Front Desk Manager', 'frontdeskmanager@example.com', 'Bachelor of Business Administration', 'L', '052-8901234', 1800),
    (1009, 'Executive Chef', 'executivechef@example.com', 'Culinary Arts Degree', 'XXL', '054-9012345', 2500),
    (1010, 'Food and Beverage Manager', 'fbmanager@example.com', 'Bachelor of Hospitality Management', 'XL', '050-0123456', 2000),
    (1011, 'Security Officer', 'security@example.com', 'Security Training Certificate', 'M', '052-1234567', 1300),
    (1012, 'Maintenance Technician', 'maintenance@example.com', 'Trade School Diploma in Electrical Engineering', 'L', '054-2345678', 1400),
    (1013, 'Human Resources Manager', 'hrmanager@example.com', 'Bachelor of Human Resources Management', 'M', '056-3456789', 2200),
    (1014, 'Sales Manager', 'salesmanager@example.com', 'Bachelor of Business Administration', 'XL', '058-4567890', 2100),
    (1015, 'Event Coordinator', 'eventcoordinator@example.com', 'Event Planning Certification', 'L', '050-5678901', 1600),
    (1016, 'Accountant', 'accountant@example.com', 'Bachelor of Accounting', 'M', '052-6789012', 1700),
    (1017, 'Marketing Manager', 'marketingmanager@example.com', 'Bachelor of Marketing', 'L', '054-7890123', 1900),
    (1018, 'Spa Therapist', 'spatherapist@example.com', 'Massage Therapy Certification', 'M', '050-8901234', 1500),
    (1019, 'Fitness Instructor', 'fitnessinstructor@example.com', 'Fitness Certification', 'L', '052-9012345', 1600),
    (1020, 'Laundry Attendant', 'laundryattendant@example.com', 'High School Diploma', 'M', '054-0123456', 1100),
    (1021, 'Valet Parking Attendant', 'valet@example.com', 'Valid Drivers License', 'L', '056-1234567', 1200),
    (1022, 'Guest Relations Manager', 'guestrelations@example.com', 'Bachelor of Hospitality Management', 'XL', '058-2345678', 2400),
    (1023, 'Housekeeping Manager', 'housekeepingmanager@example.com', 'Associate Degree in Hotel Management', 'M', '050-3456789', 2000),
    (1024, 'Executive Housekeeper', 'executivehousekeeper@example.com', 'Bachelor of Hospitality Management', 'L', '052-4567890', 2200),
    (1025, 'Sous Chef', 'souschef@example.com', 'Culinary Degree', 'M', '054-5678901', 1800),
    (1026, 'Banquet Manager', 'banquetmanager@example.com', 'Bachelor of Hospitality Management', 'XL', '050-6789012', 2300),
    (1027, 'Banquet Server', 'banquetserver@example.com', 'Hospitality Certificate', 'L', '052-7890123', 1600),
    (1028, 'Room Service Manager', 'roomservice@example.com', 'Associate Degree in Hotel Management', 'M', '054-8901234', 1900),
    (1029, 'Bellhop', 'bellhop@example.com', 'High School Diploma', 'L', '056-9012345', 1300),
    (1030, 'Front Office Supervisor', 'fo.supervisor@example.com', 'Bachelor of Hospitality Management', 'XL', '058-0123456', 2100);


-- Insert data into the Supplier table
INSERT INTO Supplier (Provider_ID, Company_Name, contact, Products_services_provided, Code_number, amount, Email)
VALUES
    (2001, 'Catering Ltd.', 'Israel Cohen', 'Catering services', 1234, 5000.00, 'info@catering.co.il'),
    (2002, 'Cleaning Supplies Inc.', 'David Levi', 'Cleaning products', 5678, 2000.00, 'info@cleaningsupplies.com'),
    (2003, 'Furniture Galore', 'Rachel Katz', 'Furniture supply', 91011, 8000.00, 'info@furnituregalore.co.il'),
	(2004, 'Tech Solutions Ltd.', 'Jonathan Cohen', 'IT services', 121314, 6000.00, 'info@techsolutions.co.il'),
    (2005, 'Fresh Produce Farms', 'Sarah Levy', 'Fresh produce supply', 151617, 3000.00, 'info@freshproducefarms.com'),
    (2006, 'Uniforms R Us', 'Michael Avraham', 'Uniform supply', 181920, 4000.00, 'info@uniformsrus.co.il'),
    (2007, 'Event Rentals Ltd.', 'Daniel Cohen', 'Event equipment rentals', 212223, 7000.00, 'info@eventrentals.co.il'),
    (2008, 'Electronics Warehouse', 'Sharon Levi', 'Electronics supply', 242526, 9000.00, 'info@electronicswarehouse.com'),
    (2009, 'Construction Materials Inc.', 'Rachel Ben-David', 'Building materials supply', 272829, 8500.00, 'info@constructionmaterials.com'),
    (2010, 'Transportation Solutions', 'Avi Cohen', 'Transportation services', 303132, 7500.00, 'info@transportationsolutions.co.il'),
    (2011, 'Print Master', 'Leah Cohen', 'Printing services', 333435, 5500.00, 'info@printmaster.co.il'),
    (2012, 'Security Systems Ltd.', 'Moshe Levy', 'Security system installation', 363738, 6800.00, 'info@securitysystems.co.il'),
    (2013, 'Floral Express', 'Tamar Cohen', 'Flower supply', 394041, 4200.00, 'info@floralexpress.co.il'),
    (2014, 'Office Essentials', 'Yossi Levy', 'Office supplies', 424344, 3200.00, 'info@officeessentials.com'),
    (2015, 'Appliance Distributors', 'Lea Avraham', 'Home appliances supply', 454647, 5200.00, 'info@appliancedistributors.co.il'),
    (2016, 'Sports Equipment Ltd.', 'David Cohen', 'Sports equipment supply', 484950, 6700.00, 'info@sportsequipment.co.il'),
    (2017, 'Healthcare Products Inc.', 'Sarah Levi', 'Medical supplies', 515253, 7800.00, 'info@healthcareproducts.com'),
    (2018, 'Party Decorations', 'Michael Ben-David', 'Party decorations supply', 545556, 4300.00, 'info@partydecorations.co.il'),
    (2019, 'Artisan Crafts', 'Ruth Cohen', 'Handcrafted goods', 575859, 4900.00, 'info@artisancrafts.co.il'),
    (2020, 'Audio Visual Solutions', 'Yoni Levi', 'Audio-visual equipment supply', 606162, 6200.00, 'info@audiovisualsolutions.co.il'),
    (2021, 'Safety Gear Inc.', 'Tali Cohen', 'Safety gear supply', 636465, 5800.00, 'info@safetygear.com'),
    (2022, 'Book Distributors', 'David Avraham', 'Book supply', 666768, 4700.00, 'info@bookdistributors.co.il'),
    (2023, 'Pet Supplies Ltd.', 'Yael Levi', 'Pet supplies', 697071, 5300.00, 'info@petsupplies.co.il'),
    (2024, 'Gourmet Food Distributors', 'Daniel Cohen', 'Gourmet food supply', 727374, 6900.00, 'info@gourmetfooddistributors.com'),
    (2025, 'Outdoor Gear Ltd.', 'Rivka Avraham', 'Outdoor gear supply', 757677, 4700.00, 'info@outdoorgear.co.il'),
    (2026, 'Gift Shop Wholesalers', 'David Levy', 'Gift shop supplies', 787980, 4400.00, 'info@giftshopwholesalers.co.il'),
    (2027, 'Solar Energy Solutions', 'Shira Cohen', 'Solar energy products', 808182, 8000.00, 'info@solarenergysolutions.co.il'),
    (2028, 'Catering Equipment Suppliers', 'Yossi Levi', 'Catering equipment supply', 838485, 7300.00, 'info@cateringequipmentsuppliers.co.il'),
    (2029, 'Textile Manufacturers', 'Avigail Cohen', 'Textile supply', 858687, 6800.00, 'info@textilemanufacturers.co.il'),
    (2030, 'Art Supplies Inc.', 'Eli Levi', 'Art supplies', 888990, 5600.00, 'info@artsupplies.com');
